[
  {
    "code": "AW",
    "name": "آروبا"
  },
  {
    "code": "ES",
    "name": "أسبانيا"
  },
  {
    "code": "AU",
    "name": "أستراليا"
  },
  {
    "code": "AM",
    "name": "أرمينيا"
  },
  {
    "code": "AZ",
    "name": "أذربيجان"
  },
  {
    "code": "AF",
    "name": "أفغانستان"
  },
  {
    "code": "AL",
    "name": "ألبانيا"
  },
  {
    "code": "DE",
    "name": "ألمانيا"
  },
  {
    "code": "AG",
    "name": "أنتيجوا وبربودا"
  },
  {
    "code": "AO",
    "name": "أنجولا"
  },
  {
    "code": "AI",
    "name": "أنجويلا"
  },
  {
    "code": "AD",
    "name": "أندورا"
  },
  {
    "code": "UY",
    "name": "أورجواي"
  },
  {
    "code": "UZ",
    "name": "أوزبكستان"
  },
  {
    "code": "UG",
    "name": "أوغندا"
  },
  {
    "code": "UA",
    "name": "أوكرانيا"
  },
  {
    "code": "IE",
    "name": "أيرلندا"
  },
  {
    "code": "IS",
    "name": "أيسلندا"
  },
  {
    "code": "ET",
    "name": "اثيوبيا"
  },
  {
    "code": "ER",
    "name": "اريتريا"
  },
  {
    "code": "EE",
    "name": "استونيا"
  },
  {
    "code": "IL",
    "name": "اسرائيل"
  },
  {
    "code": "AR",
    "name": "الأرجنتين"
  },
  {
    "code": "JO",
    "name": "الأردن"
  },
  {
    "code": "EC",
    "name": "الاكوادور"
  },
  {
    "code": "AE",
    "name": "الامارات العربية المتحدة"
  },
  {
    "code": "BS",
    "name": "الباهاما"
  },
  {
    "code": "BH",
    "name": "البحرين"
  },
  {
    "code": "BR",
    "name": "البرازيل"
  },
  {
    "code": "PT",
    "name": "البرتغال"
  },
  {
    "code": "BA",
    "name": "البوسنة والهرسك"
  },
  {
    "code": "GA",
    "name": "الجابون"
  },
  {
    "code": "ME",
    "name": "الجبل الأسود"
  },
  {
    "code": "DZ",
    "name": "الجزائر"
  },
  {
    "code": "DK",
    "name": "الدانمرك"
  },
  {
    "code": "CV",
    "name": "الرأس الأخضر"
  },
  {
    "code": "SV",
    "name": "السلفادور"
  },
  {
    "code": "SN",
    "name": "السنغال"
  },
  {
    "code": "SD",
    "name": "السودان"
  },
  {
    "code": "SE",
    "name": "السويد"
  },
  {
    "code": "EH",
    "name": "الصحراء الغربية"
  },
  {
    "code": "SO",
    "name": "الصومال"
  },
  {
    "code": "CN",
    "name": "الصين"
  },
  {
    "code": "IQ",
    "name": "العراق"
  },
  {
    "code": "VA",
    "name": "الفاتيكان"
  },
  {
    "code": "PH",
    "name": "الفيلبين"
  },
  {
    "code": "AQ",
    "name": "القطب الجنوبي"
  },
  {
    "code": "CM",
    "name": "الكاميرون"
  },
  {
    "code": "CG",
    "name": "الكونغو - برازافيل"
  },
  {
    "code": "KW",
    "name": "الكويت"
  },
  {
    "code": "HU",
    "name": "المجر"
  },
  {
    "code": "IO",
    "name": "المحيط الهندي البريطاني"
  },
  {
    "code": "MA",
    "name": "المغرب"
  },
  {
    "code": "TF",
    "name": "المقاطعات الجنوبية الفرنسية"
  },
  {
    "code": "MX",
    "name": "المكسيك"
  },
  {
    "code": "SA",
    "name": "المملكة العربية السعودية"
  },
  {
    "code": "GB",
    "name": "المملكة المتحدة"
  },
  {
    "code": "NO",
    "name": "النرويج"
  },
  {
    "code": "AT",
    "name": "النمسا"
  },
  {
    "code": "NE",
    "name": "النيجر"
  },
  {
    "code": "IN",
    "name": "الهند"
  },
  {
    "code": "US",
    "name": "الولايات المتحدة الأمريكية"
  },
  {
    "code": "JP",
    "name": "اليابان"
  },
  {
    "code": "YE",
    "name": "اليمن"
  },
  {
    "code": "GR",
    "name": "اليونان"
  },
  {
    "code": "ID",
    "name": "اندونيسيا"
  },
  {
    "code": "IR",
    "name": "ايران"
  },
  {
    "code": "IT",
    "name": "ايطاليا"
  },
  {
    "code": "PG",
    "name": "بابوا غينيا الجديدة"
  },
  {
    "code": "PY",
    "name": "باراجواي"
  },
  {
    "code": "PK",
    "name": "باكستان"
  },
  {
    "code": "PW",
    "name": "بالاو"
  },
  {
    "code": "BW",
    "name": "بتسوانا"
  },
  {
    "code": "PN",
    "name": "بتكايرن"
  },
  {
    "code": "BB",
    "name": "بربادوس"
  },
  {
    "code": "BM",
    "name": "برمودا"
  },
  {
    "code": "BN",
    "name": "بروناي"
  },
  {
    "code": "BE",
    "name": "بلجيكا"
  },
  {
    "code": "BG",
    "name": "بلغاريا"
  },
  {
    "code": "BZ",
    "name": "بليز"
  },
  {
    "code": "BD",
    "name": "بنجلاديش"
  },
  {
    "code": "PA",
    "name": "بنما"
  },
  {
    "code": "BJ",
    "name": "بنين"
  },
  {
    "code": "BT",
    "name": "بوتان"
  },
  {
    "code": "PR",
    "name": "بورتوريكو"
  },
  {
    "code": "BF",
    "name": "بوركينا فاسو"
  },
  {
    "code": "BI",
    "name": "بوروندي"
  },
  {
    "code": "PL",
    "name": "بولندا"
  },
  {
    "code": "BO",
    "name": "بوليفيا"
  },
  {
    "code": "PF",
    "name": "بولينيزيا الفرنسية"
  },
  {
    "code": "PE",
    "name": "بيرو"
  },
  {
    "code": "TZ",
    "name": "تانزانيا"
  },
  {
    "code": "TH",
    "name": "تايلند"
  },
  {
    "code": "TW",
    "name": "تايوان"
  },
  {
    "code": "TM",
    "name": "تركمانستان"
  },
  {
    "code": "TR",
    "name": "تركيا"
  },
  {
    "code": "TT",
    "name": "ترينيداد وتوباغو"
  },
  {
    "code": "TD",
    "name": "تشاد"
  },
  {
    "code": "TG",
    "name": "توجو"
  },
  {
    "code": "TV",
    "name": "توفالو"
  },
  {
    "code": "TK",
    "name": "توكيلو"
  },
  {
    "code": "TO",
    "name": "تونجا"
  },
  {
    "code": "TN",
    "name": "تونس"
  },
  {
    "code": "TL",
    "name": "تيمور الشرقية"
  },
  {
    "code": "JM",
    "name": "جامايكا"
  },
  {
    "code": "GI",
    "name": "جبل طارق"
  },
  {
    "code": "GD",
    "name": "جرينادا"
  },
  {
    "code": "GL",
    "name": "جرينلاند"
  },
  {
    "code": "AX",
    "name": "جزر أولان"
  },
  {
    "code": "AN",
    "name": "جزر الأنتيل الهولندية"
  },
  {
    "code": "TC",
    "name": "جزر الترك وجايكوس"
  },
  {
    "code": "KM",
    "name": "جزر القمر"
  },
  {
    "code": "KY",
    "name": "جزر الكايمن"
  },
  {
    "code": "MH",
    "name": "جزر المارشال"
  },
  {
    "code": "MV",
    "name": "جزر الملديف"
  },
  {
    "code": "UM",
    "name": "جزر الولايات المتحدة البعيدة الصغيرة"
  },
  {
    "code": "SB",
    "name": "جزر سليمان"
  },
  {
    "code": "FO",
    "name": "جزر فارو"
  },
  {
    "code": "VI",
    "name": "جزر فرجين الأمريكية"
  },
  {
    "code": "VG",
    "name": "جزر فرجين البريطانية"
  },
  {
    "code": "FK",
    "name": "جزر فوكلاند"
  },
  {
    "code": "CK",
    "name": "جزر كوك"
  },
  {
    "code": "CC",
    "name": "جزر كوكوس"
  },
  {
    "code": "MP",
    "name": "جزر ماريانا الشمالية"
  },
  {
    "code": "WF",
    "name": "جزر والس وفوتونا"
  },
  {
    "code": "CX",
    "name": "جزيرة الكريسماس"
  },
  {
    "code": "BV",
    "name": "جزيرة بوفيه"
  },
  {
    "code": "IM",
    "name": "جزيرة مان"
  },
  {
    "code": "NF",
    "name": "جزيرة نورفوك"
  },
  {
    "code": "HM",
    "name": "جزيرة هيرد وماكدونالد"
  },
  {
    "code": "CF",
    "name": "جمهورية افريقيا الوسطى"
  },
  {
    "code": "CZ",
    "name": "جمهورية التشيك"
  },
  {
    "code": "DO",
    "name": "جمهورية الدومينيك"
  },
  {
    "code": "CD",
    "name": "جمهورية الكونغو الديمقراطية"
  },
  {
    "code": "ZA",
    "name": "جمهورية جنوب افريقيا"
  },
  {
    "code": "GT",
    "name": "جواتيمالا"
  },
  {
    "code": "GP",
    "name": "جوادلوب"
  },
  {
    "code": "GU",
    "name": "جوام"
  },
  {
    "code": "GE",
    "name": "جورجيا"
  },
  {
    "code": "GS",
    "name": "جورجيا الجنوبية وجزر ساندويتش الجنوبية"
  },
  {
    "code": "DJ",
    "name": "جيبوتي"
  },
  {
    "code": "JE",
    "name": "جيرسي"
  },
  {
    "code": "DM",
    "name": "دومينيكا"
  },
  {
    "code": "RW",
    "name": "رواندا"
  },
  {
    "code": "RU",
    "name": "روسيا"
  },
  {
    "code": "BY",
    "name": "روسيا البيضاء"
  },
  {
    "code": "RO",
    "name": "رومانيا"
  },
  {
    "code": "RE",
    "name": "روينيون"
  },
  {
    "code": "ZM",
    "name": "زامبيا"
  },
  {
    "code": "ZW",
    "name": "زيمبابوي"
  },
  {
    "code": "CI",
    "name": "ساحل العاج"
  },
  {
    "code": "WS",
    "name": "ساموا"
  },
  {
    "code": "AS",
    "name": "ساموا الأمريكية"
  },
  {
    "code": "SM",
    "name": "سان مارينو"
  },
  {
    "code": "PM",
    "name": "سانت بيير وميكولون"
  },
  {
    "code": "VC",
    "name": "سانت فنسنت وغرنادين"
  },
  {
    "code": "KN",
    "name": "سانت كيتس ونيفيس"
  },
  {
    "code": "LC",
    "name": "سانت لوسيا"
  },
  {
    "code": "MF",
    "name": "سانت مارتين"
  },
  {
    "code": "SH",
    "name": "سانت هيلنا"
  },
  {
    "code": "ST",
    "name": "ساو تومي وبرينسيبي"
  },
  {
    "code": "LK",
    "name": "سريلانكا"
  },
  {
    "code": "SJ",
    "name": "سفالبارد وجان مايان"
  },
  {
    "code": "SK",
    "name": "سلوفاكيا"
  },
  {
    "code": "SI",
    "name": "سلوفينيا"
  },
  {
    "code": "SG",
    "name": "سنغافورة"
  },
  {
    "code": "SZ",
    "name": "سوازيلاند"
  },
  {
    "code": "SY",
    "name": "سوريا"
  },
  {
    "code": "SR",
    "name": "سورينام"
  },
  {
    "code": "CH",
    "name": "سويسرا"
  },
  {
    "code": "SL",
    "name": "سيراليون"
  },
  {
    "code": "SC",
    "name": "سيشل"
  },
  {
    "code": "CL",
    "name": "شيلي"
  },
  {
    "code": "RS",
    "name": "صربيا"
  },
  {
    "code": "CS",
    "name": "صربيا والجبل الأسود"
  },
  {
    "code": "TJ",
    "name": "طاجكستان"
  },
  {
    "code": "OM",
    "name": "عمان"
  },
  {
    "code": "GM",
    "name": "غامبيا"
  },
  {
    "code": "GH",
    "name": "غانا"
  },
  {
    "code": "GF",
    "name": "غويانا"
  },
  {
    "code": "GY",
    "name": "غيانا"
  },
  {
    "code": "GN",
    "name": "غينيا"
  },
  {
    "code": "GQ",
    "name": "غينيا الاستوائية"
  },
  {
    "code": "GW",
    "name": "غينيا بيساو"
  },
  {
    "code": "VU",
    "name": "فانواتو"
  },
  {
    "code": "FR",
    "name": "فرنسا"
  },
  {
    "code": "PS",
    "name": "فلسطين"
  },
  {
    "code": "VE",
    "name": "فنزويلا"
  },
  {
    "code": "FI",
    "name": "فنلندا"
  },
  {
    "code": "VN",
    "name": "فيتنام"
  },
  {
    "code": "FJ",
    "name": "فيجي"
  },
  {
    "code": "CY",
    "name": "قبرص"
  },
  {
    "code": "KG",
    "name": "قرغيزستان"
  },
  {
    "code": "QA",
    "name": "قطر"
  },
  {
    "code": "KZ",
    "name": "كازاخستان"
  },
  {
    "code": "NC",
    "name": "كاليدونيا الجديدة"
  },
  {
    "code": "HR",
    "name": "كرواتيا"
  },
  {
    "code": "KH",
    "name": "كمبوديا"
  },
  {
    "code": "CA",
    "name": "كندا"
  },
  {
    "code": "CU",
    "name": "كوبا"
  },
  {
    "code": "KR",
    "name": "كوريا الجنوبية"
  },
  {
    "code": "KP",
    "name": "كوريا الشمالية"
  },
  {
    "code": "CR",
    "name": "كوستاريكا"
  },
  {
    "code": "CO",
    "name": "كولومبيا"
  },
  {
    "code": "KI",
    "name": "كيريباتي"
  },
  {
    "code": "KE",
    "name": "كينيا"
  },
  {
    "code": "LV",
    "name": "لاتفيا"
  },
  {
    "code": "LA",
    "name": "لاوس"
  },
  {
    "code": "LB",
    "name": "لبنان"
  },
  {
    "code": "LU",
    "name": "لوكسمبورج"
  },
  {
    "code": "LY",
    "name": "ليبيا"
  },
  {
    "code": "LR",
    "name": "ليبيريا"
  },
  {
    "code": "LT",
    "name": "ليتوانيا"
  },
  {
    "code": "LI",
    "name": "ليختنشتاين"
  },
  {
    "code": "LS",
    "name": "ليسوتو"
  },
  {
    "code": "MQ",
    "name": "مارتينيك"
  },
  {
    "code": "MO",
    "name": "ماكاو الصينية"
  },
  {
    "code": "MT",
    "name": "مالطا"
  },
  {
    "code": "ML",
    "name": "مالي"
  },
  {
    "code": "MY",
    "name": "ماليزيا"
  },
  {
    "code": "YT",
    "name": "مايوت"
  },
  {
    "code": "MG",
    "name": "مدغشقر"
  },
  {
    "code": "EG",
    "name": "مصر"
  },
  {
    "code": "MK",
    "name": "مقدونيا"
  },
  {
    "code": "MW",
    "name": "ملاوي"
  },
  {
    "code": "ZZ",
    "name": "منطقة غير معرفة"
  },
  {
    "code": "MN",
    "name": "منغوليا"
  },
  {
    "code": "MR",
    "name": "موريتانيا"
  },
  {
    "code": "MU",
    "name": "موريشيوس"
  },
  {
    "code": "MZ",
    "name": "موزمبيق"
  },
  {
    "code": "MD",
    "name": "مولدافيا"
  },
  {
    "code": "MC",
    "name": "موناكو"
  },
  {
    "code": "MS",
    "name": "مونتسرات"
  },
  {
    "code": "MM",
    "name": "ميانمار"
  },
  {
    "code": "FM",
    "name": "ميكرونيزيا"
  },
  {
    "code": "NA",
    "name": "ناميبيا"
  },
  {
    "code": "NR",
    "name": "نورو"
  },
  {
    "code": "NP",
    "name": "نيبال"
  },
  {
    "code": "NG",
    "name": "نيجيريا"
  },
  {
    "code": "NI",
    "name": "نيكاراجوا"
  },
  {
    "code": "NZ",
    "name": "نيوزيلاندا"
  },
  {
    "code": "NU",
    "name": "نيوي"
  },
  {
    "code": "HT",
    "name": "هايتي"
  },
  {
    "code": "HN",
    "name": "هندوراس"
  },
  {
    "code": "NL",
    "name": "هولندا"
  },
  {
    "code": "HK",
    "name": "هونج كونج الصينية  "
  }
]